{
  "01_Hook_EdNex": 1.4991354942321777,
  "02_Aura_Tiers": 62.09134078025818,
  "03_SignIn": 110.71915650367737,
  "04_Dashboard": 118.05159544944763,
  "05_GetAuraChat": 168.53905367851257,
  "06_Courses": 212.00142073631287,
  "07_Tutoring": 245.06723833084106,
  "08_Wellness": 295.2016680240631,
  "09_Holds": 321.70952582359314,
  "10_FinancialAid": 344.20207834243774,
  "11_SocialCampus": 375.064736366272,
  "12_AdminPanel": 397.8192856311798,
  "13_TCO": 499.17579197883606,
  "14_Closing": 553.1487429141998
}